height,hash,merkleroot,tx_count
905561,000000000000000000007f2d24a611eb670587b1060ec7f2625df488cd404afd,3c38914753b8b54b0fff74ca07e5c998e69523a4f3efa82a871075e46ee233ee,3042
905560,00000000000000000001c95188c655f79a281d351db7ffad034d39ba3c6be4ce,f0a76892e0684da09b7ea837d480a14e5cc5812ab658bd9ccfe77254a0394aa7,3821
905559,00000000000000000001195ce1d999655a7ab38f2af86fcd3e036088a3e28443,df0930eb395bb2a6e0b479642d6185435f2e04e4537e773973cd5469f6142460,2942
905558,00000000000000000000f4ef180e5aa9344b716c3133e82f530608970a7db50a,32f4e3e5b64dde855f9d23d46cece185d2259920cf9275fe19e19ff3318bbba4,3929
905557,00000000000000000001594ae0c7ce56cfd8855cbbd6749818050184bee0f9b4,ed53b48c582089025a0754c3d755895821be7e129c321f9b59f6ecd9d7524267,3605
905556,00000000000000000000c1c3f793ecb71075591eeeb23ff0b7aef2f967dcc61d,b4678ec37f1d63512bcf7e359d661f46e84b03fd1dc4a831fc90fce3d3237884,3986
905555,00000000000000000000bb83ba1d9cadef0888e87b74bc8f92eb4d73592994a6,ec2212b885efe5c1cc0fc569ba181bf7ee7f78c2c2fc50310eaceb2ef28a00fb,1530
905554,00000000000000000000bb30dd205e5f7330c2560e5fb4e41902b841637ce680,f015bcc4b6054fbed456ccc677caf7aac127b20d7151152d0057d849090151a6,3922
905553,000000000000000000010ca58599c32234d17dfe35f3e26fba2847571e5febfb,ecdb6a53e03ff63846d544c5e312be18bc6268af3fb3c4031cbf28c7762f46a6,2196
905552,000000000000000000004eaa0ed3a6341eea0c2a87f24b029eafe8a70bb03606,9a52899a9201a6bb42ce2838f6422c65f66c14132245f96e8d1c20b88aed6715,1796
905551,000000000000000000015f32b05299724760669305d49dba5e04fb75dc63d6c3,384aac12551477a364aef3bdac00d861c247336965b0411c7d0c150676170e95,2801
905550,00000000000000000000a2df127c1ec9b482efe012352326b85e0f99e2999818,90019b13c3bf3737437c9295c92fbad5872795f269e8eb8ef495eeaa6250d7ce,2069
905549,0000000000000000000019bb995eb21e219eff17bddea2269df21759a27193a4,a041155cc121f37e33a0348c926d52208df15573112966114ad232613dd97430,2813
905548,00000000000000000002242ff5d962a8ba8328d39a24fec924df23d9f9267406,a508987122786114fdb448a24e5aeca5cf1463e3d306f98a45a205c8cb0bbb8d,2909
905547,00000000000000000000330cc40a40c3d92aacf5614980c52654d6a19059509e,1106d854fd934f06272bfb6ce6e6785b7069e2c2982b782aa3846711dd85b278,3106
905546,0000000000000000000106f6753252eb2611bc9a7f4bf644ebc24b0e5bc38eee,9e2183d129fc7fb6845807b8bef5d4e01fdf0c5d551cbfd3302ff2ea8e70b9c3,3209
905545,00000000000000000001196a8c8e3f1534be7852bc40b32fb6c9941dd5d6a587,8d5fc75688513c7cf95e6c4357d7c126a4ca6adcaf06626263b227678c3a465c,4116
905544,00000000000000000002107af068bd60095c3c8770292d8a40b30d49d8441909,463d49ff76546404c759cd24335cc4739cf9636942679a808da185678f5fa649,3073
905543,000000000000000000017ce11f285631c553a0c1123a23260dd5da7328084d86,f09b1c3d8c917c6310de71ccfd04f5561cc89c76af6e6fd1f8131c7893666186,3430
905542,000000000000000000006b9e628fb210fb3a7d92f776830d57a08e2a89f76b08,515cc1866548a304e69816df6121cfaf34aaa4674cdbef60ec68691ee0bc8b53,3530
905541,00000000000000000000a4497f5da0006d7a91e282b62d4868ce7ee857992a0b,b05f2805e587d6ae0ceafbca30300b3a441e96a5b179630bfadfcee46d53dce2,3263
905540,00000000000000000001d9d07ab78ab420c75885f7b65d046c46f0c2dfef554a,84e66bfe015bdb38b2f81b7f1d0c56d4b33a1d1c5819b56636a56f267655ab0a,2954
905539,00000000000000000001c89b88b6561c0c3bce71796e051e02e9e62b1dcdf186,730515442437a76af6dc6bcc0c7ee41a97ae6472b56df4bc50d1ef792bb705f3,2162
905538,000000000000000000011b6cf494dbd0fce971e55107ae232feae59873057205,f481613e03bc450335405113b90e53e80b89fae3646475754770660e2ed1e036,1674
905537,000000000000000000003dea7031ec0aff665c1596253d6902ab1fc11d3c4405,849b62204e19d7537758bf9aa584c074b3b4b641891ff880c98ec71c5ee579f1,2378
905536,00000000000000000001a7fff19b9c6ff1ba9a2e0eb13a6152091dbce67a9377,4700399fc79a0aade0fc1f9278b1fd6aef7b083ee85c9cc2bd1f2c133608d19e,3727
905535,000000000000000000008eb9b8f4f62df3710e928c07115088f235944c397d00,5717c428301c5a394f7407f216938910788e3b89ca97d311a6b7beeb5913adb4,2623
905534,0000000000000000000075fe6f0070047ca2d62da127664decc331c09b3e5372,4604cc9e7749ee8bafcd081d7cd0bacc7f83216d745d655d4372b49ea6c82145,3150
905533,000000000000000000010fa2069c6ddb0ad07a1774cb16710a93b0e529a44399,c72958c1bb445d17e8aa57aed260c90ab3e2cee130082f84a69c9a74a97f9f4c,2987
905532,00000000000000000000fecde8c776758ce6b4c387f09c410b9fd1cf1768f3ae,f5cb7819f86c00142c165f8b0f7b2031efb37d60683861280a2538c4063f8703,4030
905531,000000000000000000019bf51d32adc453fc406167e75c634764f195c5877eaf,3537cf8a64250d0e6e65fc220a9240a0f9f79a66c023fa6917b97e75bfa16a9e,4058
905530,000000000000000000016c615088da842bee17e4b4862b9b068f1a6fb3210885,e50aab8b19399dcdb1c128d71507cac72ab68b8eed47eb3f5dde19f03f406874,3444
905529,000000000000000000004f9e69959ce1c4694d2de023ee372f5f0c2e0b78f3ed,37b2cfd6e2677fff47db42b141a40b92ba9447e6feff2d91403a06272f77714e,4047
905528,0000000000000000000089408a5f60a64a9c7a19c605d512699f22226a6c0196,bdc124eed0c03e2fe2df0f09c9d7c1297a8ee0a5aca3f5f7918233ace53eb798,4119
905527,000000000000000000008e9597af05e71823af1143b9bab6d3f05845a5478adb,113da88ec11ac31584087c3a4a6184d89ddc7ac142f7d45addbb52699c9e1f93,3756
905526,000000000000000000019010dad01c719b89a375eb6bbe0473fce2257f96b301,b28fee57ddb1934d4af168abcf080640ff9512301e3cefb711a6494cceb88746,3607
905525,00000000000000000000e558c5161eb32f1a0283e4f066f265abfc33a5c18cd9,03252cff6e5e18918f2b8d663f08860fe33bc2c32a1e5c5efd3cb9acce8d20dc,3208
905524,0000000000000000000211c8ff940afff1eb99e19595324324cb1ee296ff8367,43dab52dd3b994161e990dc03c32998a7605202c7be1063d39284f8c7f321dff,2989
905523,0000000000000000000094566d1cafde3d5a9c3d65a75b97f7d30fba72e23412,737df842abee3a0fa67767abdbfbd6a64934907bfea8283bbe9983cd854f0e8a,3646
905522,000000000000000000009aed949ab7bb4a93d58deba1e242cdbd1825d044498a,493e20c3516126f66aabe9fe3b68461d62b2f0f771d5f74953896d0537066bd1,3571
905521,00000000000000000001dc6c51b2a33975dd97f69abf9a2d2479c3824216a5d2,b06a827606372caaa71f837939f7e6b37107411df0ee047c182feffda3a70caa,3536
905520,000000000000000000021bfa0af7ddd4fa9532d6f70473ffe00776ec255455fb,06ce6d8211c5c39f7de6aadd045f1b08b67377646b547ea4562b9f0f8ef3cc04,4235
905519,000000000000000000005fe34faf7856956a2b523ce41684ee593d1d5a0f2ce2,18feba9492b94c29821cb0f498b13e7348b654096fe0580c8159c4354db111bf,4565
905518,00000000000000000000af0a25bfc3b523f08fe123bb1310071153289310b37b,cd227c17a3ba45ceaf661db5b919799c898efb9699c93a6959f5b201846c90a6,3849
905517,00000000000000000001f9c960a9024ee764dea0f1f120f61a976e1f9447e001,061423a49ce52671963706669d7b118217ac7bc80adeb119899dce93cc454662,3632
905516,000000000000000000012d681332107bdeaf697dc9ecfd57ee19267b44ca7890,9cff7b3046887b6942f03bf65077c7bb94271fad71363cea87c151940e406d14,3175
905515,00000000000000000001f47dbb0b13dddb1c993ebd50511bb021d75fed69d4d1,217715801acd6d23ced087585b83d959c679f2eeb4aff3ac987c8b3ff894895b,3780
905514,00000000000000000000ff42003d181661798945ce0f2a65d592aca7fca2da05,00ab953ca4e9bb0a37354183acd3f0020ba80387e7e68ca09bfb1403bf9356cd,3005
905513,0000000000000000000168842cc1d416b3f1fb1e09f376dd41205f5641f767a5,5e17365a1551fb2890d74c70f3203728cd464750f6e16f6f21ee3f78457e0027,2209
905512,00000000000000000000eb938e7a651df19abb31a7fc60dae21648425bf64869,512ad5f527962ff60bcea002d82232f6e7b85f3db688270543db5b933cb2f5ab,1700
905511,000000000000000000019281b5802dc92863aa6ff170ecb47138f841fe438c41,466167555888e89a297645eb67990a0207b30e4365844a0e429adff70cde1430,5058
905510,0000000000000000000141760b858c43d95123edde9c9d76a7b1e78eff035c38,2c177035f6a7141e3a78b90e172ebe1bc112d6829e13be66823fe798d80b2124,4497
905509,00000000000000000000c554d9517e4cafb3a9ac4a6416dca80399b5b57d5506,738ee5bca817e39c936fb5c6d37290c5025f2f85153c5c84b6ad92678ab21775,4349
905508,00000000000000000001168825486d352f1f682064916acdf90cfea01f0c8bf7,dbf76c2ce810a27c3ec035245f62f81138e025bcfc1bac88645a1df99febce27,4502
905507,0000000000000000000224846cb1fc8f7c55a1bf937b1cdf66580822da75829a,db3388c0f05c8e990492f902c51b9fedcc81ef16ac6b7dd9dddf7e95ba43db93,4699
905506,00000000000000000001d712d0b6c8a9f2722cc6ab4718d8a5b9a55001fa4632,3089d476c3cc2491730cb84f36d714bb2c3bb429fd5c4d309a096ea816a3e7f6,4268
905505,000000000000000000013b68a410b7ea4a2ad9a4f0c0922e308e1c8345455f9e,9ee8fba803afe3bd3162eb064cd3ef6e879cd5d9cd0d37ce74e53a201d5fa127,3791
905504,000000000000000000022d4d4ba5fd2902418c18fbacd4d82e35cd72a493ead1,866fac20caef6662a66e26c443594566ea8feac875110785d7831da713ac4c7d,4876
905503,00000000000000000000740aed80234c267583cc8f7a5539719619f2113f235f,204c5690778da8c7f65222e0d3b4d7aa49f9682c2a6925546e912f8939b96f8e,3870
905502,000000000000000000008e0360b2c7d83cb4db04080567ba6a4b740d3f8f4add,0349555833160d867e11e6b07f4fe2b26a8f0864514f6cfa86dfa5d2bf914ac8,3074
905501,00000000000000000000db4730b8f880ef238cde7b9b89b5be788708341521e2,70e1e99540d9975454b9470ba910ee78b1ed38a65526b7146833e51ead846ef4,1087
905500,00000000000000000000a5f409e8f2fd89652d1ae6126d5a8cbbf17f84d57e76,80a0dc1e8c546cbe0239ce91815eac59559f6ed6d41c9f663ac9a68561d67486,2344
905499,000000000000000000014bd19216ae276136ea830f5b05dabf773ea33957485b,a468be173747c016085e66423b9f90bdd65580b2f95fa8d697b2792e52a4da97,325
905498,000000000000000000015dc9b84c0c2cf5284c84bb146c98fb4218591dc3f7b3,ff2d10d6bdec180bfe3142bc4c3e16cff064d327cfbb77785d27c76896093c55,1497
905497,000000000000000000012937784549a2e7e67632637e4470f1d0e9bf00f5058d,47a7b4cbcb6993d236e6b566755e10192bfe402a3a0a873f2f6d591b251dae80,1717
905496,00000000000000000001268be1574eebe76c41100d2497ca29dabddff248d1cc,a8dc0bf6e27f3fe08f602c3d4e4c2bb821399a1b4ae90bd74fcfd3c0b2f82e09,3589
905495,0000000000000000000005a9552c6e9f8c3fd6317eae6bacb1a68ef73fdeb6c0,cf29046a311602637af6567fde9902810d617233702299137750ce68ff5f8c30,2990
905494,00000000000000000000ae0eebb5317319c32cf473d043d63d8959736cc64005,2333b716387804b1b70b0bfa2d17830e9d2b3442ade8f506f3a23fbb0f606fa8,4353
905493,00000000000000000001363c6483dc300123359ff833836146a603833d5311d2,5fb6cece56025f7366efb24a79b3b28dc901faebdcf129e9a2d66bf929ae6db3,3743
905492,000000000000000000002d48389f6186d54e98c8918145bc284402db12da9af1,e54ef1fc1b2723767411fec75e7097c6cce86f3ee94fac53645049aa8f9a4c18,4062
905491,0000000000000000000023d9003f744b3559dfdc5d00d7de15aad7fbee328c83,bb8b33ea0d316df2afa3dbd38da295bbe0bfb1cab196a16b3e018814db059705,454
905490,0000000000000000000116a99532953f3bd8695fe2f6878a914a0033b4c10ade,01518533fa32b68788d218377f915dc54c5aaadc8a149f15cdbd264f210091d6,3143
905489,00000000000000000000d169016cf11762fde275c278c6ab9dd411fc3c9efde7,b2851deeb301df084d2e72f408f83090eece2223d842fb4e68ca044cd35b6b73,4673
905488,000000000000000000005dec43e6478a1bdcea8f23393c97e1bed7ddb90608c4,19ea72ecb6c758e3000ffcc7f24ad1d9f343904a3c0ef502e24ccfe8abce6e52,3619
905487,0000000000000000000084d04fe233f51bbdaff3e9eaa3b2b9f3860381a8bc11,e6aa7b306fd19eb960361ca76b2fde700f39c20e919f8d04f7743d5dc9049031,3191
905486,00000000000000000001c148eea5f568c0776a73218be0a89eed821e3f0cd649,564a971f88f04048801c879d6004eaa956a396dcd366d44561294717545ddccc,4520
905485,00000000000000000001a11220e167a7f39e12f6b96bf1e8f322d4baea80fb71,a77ab9d713e94e2e1dc3f06f8fcf8de2fee7de4d3dd88b90aa73420b91b30d57,4115
905484,00000000000000000000e5d0c84aa530a20fd7ba16701720ed11e7dd2f4a7810,ba37c2577ff75f19951f7c996267b0bd13ad2c625013173ec64d4b94010905f9,4138
905483,000000000000000000022ec3f5c1ac94c3b50b79ace78603b3bd0fd861068341,90a05df804856151bdfeabae8d059a57dff01b1e1282158e05ab58cc0e9c2796,2430
905482,000000000000000000000afb681009af68b4edd20148e59bf9f319f62b252b85,230cffdfbd22f0c9d6f92c9089f227f36bc2f8584c541063206078551164d5cc,1963
905481,0000000000000000000156a55259caa607c79354499643ad01a74a81c029e0bc,ab75af1bae69adfd96e02a2bfd3d7bf74ec1d4128628241159308c1bc417b67d,3615
905480,0000000000000000000212ee9eba56b546b41cc2ead720eafe460c5c3041cd1a,7e4f9cd641af20992f475e2ee7fd5c1ab756a0e21ab9bd12efee9671549d0ea3,2699
905479,000000000000000000011bf757204ab253b44400f960adf4492e080902451ac0,6ff4064c092f1460d94894ee35b7a8e4d498049ba3cc87b3e338c68bb3fb175a,2087
905478,00000000000000000001a18a5715d16cedc82fd6ece7b561abb87f5c28ab0274,62d95d5dc596a930cc66bb9fa0be6fe9b38c79129341b1df3d7ce3ea53229142,2375
905477,00000000000000000001649e41ca82223cb4ea5b61278d9f4ce90275475538c4,74b5c3d82ed979fd155d6c3558c8d37a0a9664df663b06854fae2a26a37ff853,2588
905476,000000000000000000005a5371360aa8b71545233733738c6760ff0d5a57c9e8,69efcb0160e60315d0cf5a2d38dbb48e414b92acb2e71d2f372ce6b31c07bccb,3513
905475,000000000000000000000c6a3e35343455618d8f86e4646f060b509dc4800bed,737149899677a1e2daabca2fdb41fee92410bc33f396b7da6fe2e2f77fa0ba8d,3931
905474,000000000000000000021a5faf3b3530c35055f425dd72958d2dd4d60c15dea4,8db385269c2419a1c65188ffea28fd6bd50903f7ce96966b3471402e18559f1b,3576
905473,00000000000000000000fe0c102c3dcf8806ed8fa367d5df8e6838c9be42fb7e,46861b904a36de3748db5330d093ed70714ac1017d37ba386f105b0416861274,2500
905472,00000000000000000001677d5b7a379276ab05d2b7c1141ca4cfaa3b6a3257b6,4a726897ac002c8e1a7f345f6412ad0a4db07050866173d6adf80ee0c495a415,3656
905471,00000000000000000001cc139be1345fe4eb4c8175d54f7b3a602ce9f5a1e4ab,f90cc29a487a07fe7b0fe38b04ed93d65051b3df790a77c49c9ff7a499c1d6a9,4166
905470,00000000000000000001fa233958d6306a2560577c34241fde03769dd522898c,0804866870f1b1a77db27566e6e821338f4a673f0c498bbedc43e59e63e610f9,2118
905469,0000000000000000000148dc8ded12f4365c48974e184d2bff62d55a35020d07,e64158609923f2e171bc99fa1279891dbd2fa0f1a3f7bc7f78788dbd730f412f,2957
905468,00000000000000000000acf49d2074d2f6a3898f3bc66e8b3b2f27bf6aeabd36,704e8a30e8f68b7a901d1b57aba9c7c9f6c3fb86bd79f51cbbbe4c5ca06cc40c,2812
905467,000000000000000000002ba4a072b7bd09542300bfa8f0df6a4c781ecf9f13f0,26703adcb4513a7d5bab3b7b24703cd9329993c167334ae7bbb05fdf65a6694b,3364
905466,0000000000000000000232769cf58afb72b1eb6c30fba95e051e44380f243043,3cd6e5047cf82f15a77bfa4ffef3dface81df89b4242d67315501ed1c5a14664,3163
905465,000000000000000000007babe785d7640fea3af23273caa57447683b058c2975,0b1498dc43d8b10a8999aaa7adcb7fff47f10c435e2e92df67c83f403852100a,941
905464,000000000000000000021a47207c3712585fd6bccf110e3dcc1b62a755d22e0a,96daf4629056b5e7bb4a3a07e44e056c74621d2aa7753729ff36fbcbdfef0836,2414
905463,000000000000000000008beb77dea625628f55ed3b4ce9c880397d85b998a5a9,ec04f11a3212fc034850414bc410d046687663336d06f5d2ac7eea5c84d00c5c,4272
905462,0000000000000000000129458230ae39d3ed01121b3b2c1644f980b10fd03037,581db06c54c3bf4dafc136c10212cb4f58c03bfd7bf41d4fea24e41ab06a3901,3814
